,Unnamed: 0,nconst,name,roles,Degree centrality,Eigenvector centrality,Closeness centrality,Betweenness centrality,CineMAC rank,community
0,16,nm0000247,John Woo,"director,writer,producer",0.0001472241554687,0.0001127273984058,0.0710149941356644,0.0044249470018386,0.0189249731728444,nm0000247
1,12,nm0007139,Hark Tsui,"director,producer,writer",0.0001793457893891,2.2322806094640003e-05,0.0669871616297487,0.0046297169207904,0.0179546367865057,nm0007139
2,146,nm0690638,Carlo Ponti,producer,6.424326784089e-05,0.0008914001455147,0.0675571324219972,0.0015454871622632,0.017514565749404,nm0690638
3,2321,nm1212988,Dean Georgaris,writer,4.015204240055001e-05,0.0001304989469343,0.0694480431069339,0.0001944953077733,0.0174532973510105,nm1212988
4,164,nm0151835,Terence Chang,producer,0.0001017185074147,4.330871638696e-05,0.068137437458508,0.0014312675997023,0.017428433070503,nm0151835
5,2344,nm0857623,Paul Theroux,writer,3.7475239573850005e-05,9.396413127318e-05,0.0671132269562928,0.0001923877075134,0.0168592635086633,nm0857623
6,2724,nm0285126,Lloyd Fonvielle,writer,4.282884522726e-05,0.0004911859373074,0.0664791980979312,0.000164162454065,0.0167943438336327,nm0285126
7,127,nm0950553,Ronny Yu,"director,producer",8.833449328122e-05,3.194174938588e-05,0.0653624516549913,0.0016733554012199,0.0167890208247195,nm0950553
8,4564,nm1447370,Don Granger,producer,4.282884522726e-05,0.0001078350189813,0.0667412094970737,8.228097485524001e-05,0.0167435385840344,nm1447370
9,1628,nm0140643,Jean-Claude Carrière,writer,7.495047914770001e-05,0.000130976071116,0.0663874295991291,0.0002743404300431,0.016716924144859,nm0140643
10,1423,nm0108273,Mike Werb,writer,6.692007066759e-05,5.4064735824340006e-05,0.066205171369461,0.0003093564174663,0.0166588781483548,nm0108273
11,63,nm0159494,Raymond Chow,producer,0.0001472241554687,1.0564889384763887e-05,0.0637605400122729,0.00255012618056,0.0166171138094216,nm0159494
12,2305,nm0001392,Peter Jackson,"director,producer",6.156646501418001e-05,0.0001401256954289,0.0659644007618331,0.0001962205577774,0.0165905783700134,nm0001392
13,1035,nm0604555,Chris Morgan,writer,6.692007066759e-05,3.09842877769e-05,0.0658142917468211,0.0003960699009509,0.0165770665015541,nm0604555
14,95,nm0477035,Corey Yuen,"director,producer,writer",0.0001124257187215,1.3182307109967575e-05,0.0641752577319587,0.0019551048996279,0.0165639926643545,nm0477035
15,1690,nm0346096,Tonino Guerra,writer,6.959687349429e-05,0.0001868923047821,0.0649879540400296,0.0002660320099445,0.0163776188070626,nm0346096
16,114,nm0950759,Woo-Ping Yuen,director,9.368809893463e-05,8.302518384701017e-06,0.0635683857518353,0.0017782682139893,0.016362161145786,nm0950759
17,1689,nm0349406,Sebastian Gutierrez,"director,writer",5.353605653407e-05,3.568543023514e-05,0.0650809239168258,0.0002663359128074,0.0163591203291006,nm0349406
18,89,nm0611344,Domonic Muir,writer,6.156646501418001e-05,7.560969501562642e-06,0.0630252289627593,0.0020558846493717,0.0162875602616617,nm0611344
19,467,nm0159039,Felix Chong,"writer,director",5.353605653407e-05,2.040183326278e-05,0.0641943480416459,0.0007060020571702,0.0162435719971532,nm0159039
20,2128,nm0538320,Alan Mak,"director,writer",3.2121633920440005e-05,1.9646143221838867e-05,0.0634801629205008,0.0002145758660866,0.0159366266409324,nm0538320
21,2417,nm0254786,David R. Ellis,director,6.156646501418001e-05,1.8097059988753287e-05,0.0634117673651138,0.0001865292059638,0.0159194900240201,nm0254786
22,159,nm0150906,Gordon Chan,"director,producer,writer",0.0001632849724289,7.13015143306019e-06,0.0620233761256945,0.0014525483329345,0.0159115848956227,nm0150906
23,218,nm0150802,Benny Chan,"director,producer",5.8889662187480005e-05,1.1189958733371547e-05,0.0621957167560856,0.0011761886296282,0.0158604962516586,nm0150802
24,53,nm0788411,Run Run Shaw,producer,0.0001552545639488,3.031209660266e-05,0.0604733710803897,0.0027279051136786,0.0158467107136549,nm0788411
25,5063,nm0742851,Alison R. Rosenzweig,producer,2.409122544033e-05,1.3746646210891569e-05,0.0631325481959342,6.557298226128e-05,0.0158089897624616,nm0742851
26,998,nm0790019,Vee King Shaw,producer,2.409122544033e-05,8.168522649922e-05,0.0626489701426986,0.0004060380558268,0.0157901961626162,nm0790019
27,225,nm0151653,Cheh Chang,director,4.818245088066e-05,7.486315846984e-05,0.0617988501105098,0.0011600576667203,0.0157704883466451,nm0151653
28,3577,nm0597857,Paul Mones,"writer,producer,director",1.6060816960220003e-05,1.2877833495661196e-05,0.0628684544707551,0.0001170888002531,0.015753620480366,nm0597857
29,2966,nm0171718,Michael Colleary,writer,4.015204240055001e-05,1.6059156648283998e-05,0.0627976212683086,0.0001480482556241,0.0157504701807454,nm0171718
30,5127,nm0069893,Tarak Ben Ammar,producer,2.409122544033e-05,3.4554307571700003e-05,0.0627372344390607,6.385654240032e-05,0.0157149341286182,nm0069893
31,8604,nm0345359,John Guare,writer,1.6060816960220003e-05,1.9594459633213477e-05,0.062724142556902,1.481867545768944e-05,0.0156936541272382,nm0345359
32,1455,nm0546672,Antonio Margheriti,director,3.2121633920440005e-05,6.199873593978001e-05,0.0620316047053273,0.0003029921197181,0.0156071792987264,nm0546672
33,667,nm0938944,Barry Wong,writer,9.368809893463e-05,6.927111576849207e-06,0.061674764218348,0.0005614136656797,0.0155841982736348,nm0938944
34,1485,nm0955974,Stuart Zicherman,writer,2.676802826703e-05,8.500687650798753e-06,0.0619859179825595,0.0002972040188627,0.015579597679335,nm0955974
35,640,nm0004214,Bey Logan,writer,5.085925370737e-05,5.323471700282757e-06,0.061616516582473,0.0005740146994891,0.0155616785018424,nm0004214
36,1267,nm0330140,Dennie Gordon,director,3.2121633920440005e-05,3.16631287497e-05,0.0617417267612039,0.0003372735215653,0.0155356962613598,nm0330140
37,183,nm0393250,Kuang Ni,writer,9.101129610792e-05,9.011560900183578e-06,0.0607176867803653,0.0013093936234275,0.0155317758152002,nm0393250
38,539,nm2260417,Raymond Pak-Ming Wong,"producer,writer",5.8889662187480005e-05,2.674472602548e-05,0.061367166138029,0.0006452110607204,0.0155245028967406,nm2260417
39,1312,nm0161152,Oxide Chun Pang,"director,writer",5.085925370737e-05,6.305774272008967e-06,0.061660304924062,0.0003253085218884,0.0155106946184824,nm0161152
40,1681,nm0659380,Danny Pang,"producer,director,writer",4.550564805396e-05,6.294570922717066e-06,0.0616539811145215,0.0002680674098871,0.0154934621858463,nm0659380
41,5677,nm0909638,Fran Walsh,writer,4.282884522726e-05,0.000106588649322,0.0617041555470834,5.498697256308001e-05,0.0154771400035489,nm0909638
42,6332,nm0101991,Philippa Boyens,writer,3.7475239573850005e-05,0.0001062996512863,0.0617032507808032,4.094972107748e-05,0.0154719938481852,nm0101991
43,8387,nm0396449,Don Houghton,writer,1.6060816960220003e-05,8.123766969416e-05,0.0617299525447597,1.6852847417169172e-05,0.0154610259697078,nm0396449
44,1070,nm0844036,Roy Szeto,writer,4.550564805396e-05,2.649454396782e-05,0.0613126243015436,0.0003838173795725,0.0154421104682845,nm0844036
45,4048,nm0577332,Jordan Melamed,"director,writer",2.141442261363e-05,1.1150858904202752e-05,0.0615466744670737,9.7063427374e-05,0.0154190757939913,nm0577332
46,480,nm0150916,Hing-Ka Chan,"director,writer",8.565769045452e-05,5.040693091796669e-06,0.0608850402586974,0.0006862527688663,0.0154154978527775,nm0150916
47,279,nm1030706,Jae-young Kwak,"writer,director",4.282884522726e-05,2.7489579769840103e-06,0.0605264293419633,0.0010095527834244,0.0153953899821479,nm1030706
48,340,nm0151066,Peter Ho-Sun Chan,"producer,director,writer",9.368809893463e-05,5.30290738093758e-06,0.0605503795100543,0.0008784779348184,0.015381962112797,nm0151066
49,1098,nm0867262,Stanley Tong,"director,writer",3.2121633920440005e-05,2.288247726768e-05,0.0606022638900889,0.0003765102300169,0.0152584445578235,nm0867262
50,8783,nm0093927,Edward Bond,writer,2.141442261363e-05,0.0001468305704329,0.0608441051444434,1.3810235688781298e-05,0.0152565400932947,nm0093927
51,1964,nm0950701,Alan Yuen,writer,3.479843674714e-05,8.55866936603754e-06,0.0606883522379019,0.0002294712321232,0.0152402951440345,nm0950701
52,118,nm0939147,Jing Wong,"director,writer,producer",0.0001632849724289,2.072303890147054e-06,0.058958444251408,0.0017431401095646,0.0152167354093229,nm0939147
53,331,nm0465067,William Kong,producer,9.101129610792e-05,3.5195916948807456e-06,0.0598238593149136,0.000897486846489,0.0152039692623013,nm0465067
54,2738,nm1022277,Cheuk-Hon Szeto,writer,5.621285936077e-05,5.316968555620362e-06,0.060435591236473,0.0001634358907706,0.01516513923879,nm1022277
55,6406,nm0651614,Barrie M. Osborne,producer,2.944483109374e-05,1.5085165953167312e-05,0.0604655506861124,3.984015710466852e-05,0.015137480210066,nm0651614
56,4384,nm0352493,Pat Hackett,writer,2.141442261363e-05,3.8509945058320006e-05,0.0602961721151159,8.554319866348001e-05,0.0151104099203628,nm0352493
57,808,nm0848826,Tan Cheung,writer,2.944483109374e-05,3.657495784335205e-06,0.059903911171216,0.0004801727962342,0.015104296573582,nm0848826
58,630,nm0387337,Leonard Ho,"producer,director",8.565769045452e-05,4.784436412436888e-06,0.0597427488393883,0.0005794288909716,0.0151031549643067,nm0387337
59,289,nm0955443,Yimou Zhang,director,9.636490176133e-05,1.3265677355424552e-05,0.0592990812242827,0.0009842571236732,0.0150982422317681,nm0955443
60,2310,nm0526824,Guanzhong Luo,writer,3.479843674714e-05,7.352499742477251e-06,0.0599568286896866,0.0001957846412213,0.0150486910668493,nm0526824
61,4008,nm0474308,Linda Kuk,producer,2.944483109374e-05,5.155440137942859e-06,0.0600569442759585,9.8986473044e-05,0.0150476327550585,nm0474308
62,1265,nm0791949,John Sheppard,writer,2.944483109374e-05,1.8592224916752863e-05,0.0597953818827708,0.0003377308519038,0.0150452874476713,nm0791949
63,398,nm0359584,Marc Handler,writer,4.818245088066e-05,0.0001382705899291,0.0591099998595327,0.0007943157411795,0.0150226921603805,nm0359584
64,472,nm0453518,Jee-woon Kim,"director,writer",4.282884522726e-05,5.952630447205174e-06,0.0592118871229869,0.0006982375992141,0.0149897265494688,nm0453518
65,9436,nm0504935,Yiu-Ming Leung,writer,2.409122544033e-05,4.323618063807375e-06,0.059847682166298,9.421641577378794e-06,0.0149713796628448,nm0504935
66,8645,nm0490622,Tai-Mok Lau,writer,1.873761978692e-05,3.632522439222592e-06,0.0598251350582883,1.4467505026222658e-05,0.0149654931763851,nm0490622
67,3025,nm0401203,Raman Hui,director,3.479843674714e-05,6.774866464952918e-06,0.0595748596668813,0.0001444203665547,0.014940213334162,nm0401203
68,7619,nm0849283,Elsa Tang,writer,2.676802826703e-05,3.763453260300252e-06,0.0597020642689933,2.502084550465369e-05,0.0149394041490063,nm0849283
69,4737,nm0390844,Todd Holland,director,2.409122544033e-05,7.960882679379217e-06,0.0596373376416317,7.57465640564e-05,0.0149362840784519,nm0390844
70,598,nm0490487,Andrew Lau,"director,producer",6.692007066759e-05,2.2637318698114274e-06,0.0590523501799734,0.0006012532011541,0.0149306967959162,nm0490487
71,10832,nm2833612,Terri Tatchell,writer,1.070721130681e-05,8.639922426882693e-06,0.0595154583769411,2.7122600597490104e-06,0.0148843794426836,nm2833612
72,10831,nm0088955,Neill Blomkamp,director,1.070721130681e-05,8.639922426882693e-06,0.0595154583769411,2.7122600597490104e-06,0.0148843794426836,nm0088955
73,3952,nm0398985,Feng Huang,"producer,director",2.141442261363e-05,5.1753012908308805e-06,0.0591889839090806,0.0001012766352769,0.0148292125670655,nm0398985
74,5367,nm0334337,Tracie Graham-Rice,producer,2.141442261363e-05,5.163306119333829e-06,0.0591773308957952,5.707138680792001e-05,0.014815245002834,nm0334337
75,318,nm0473325,Lung Ku,"writer,director",8.030408480111e-05,2.381371538253328e-06,0.0578512510310695,0.0009197207719372,0.0147134143148365,nm0473325
76,8249,nm0866058,J.R.R. Tolkien,writer,3.479843674714e-05,1.4471290087819105e-05,0.0587575749113351,1.8221286312177977e-05,0.0147062664811205,nm0866058
77,1011,nm0530865,Joe Ma,"writer,producer,director",5.085925370737e-05,1.9034287445707729e-06,0.058336452484924,0.000403048046542,0.0146980658034795,nm0530865
78,1454,nm0917688,Weibang Ma-Xu,"writer,director",2.409122544033e-05,2.500872535166e-05,0.0584389342924793,0.0003032316389704,0.0146978164705604,nm0917688
79,231,nm0284592,Mona Fong,producer,0.0001204561272016,4.097755209999566e-06,0.057486526915432,0.0011424050992924,0.014688371474284,nm0284592
80,966,nm0463674,Vincent Kok,"writer,director",7.762728197440001e-05,2.271275689095224e-06,0.0581976848714508,0.000419587813982,0.014674292810774,nm0463674
81,2471,nm0151113,Susan Chan,writer,4.015204240055001e-05,3.619311157104007e-06,0.0583603192544257,0.0001824632244851,0.0146466384581171,nm0151113
82,1779,nm0161045,Bo-Chu Chui,producer,5.085925370737e-05,1.8152946140530424e-06,0.0582472264708528,0.0002546840077306,0.0146386462567262,nm0161045
83,1004,nm1063158,Cheng'en Wu,writer,2.944483109374e-05,1.5822322061059593e-05,0.0580667862563819,0.0004041780981671,0.0146290578769259,nm1063158
84,5896,nm0490621,Tin-Chi Lau,writer,2.409122544033e-05,3.3992866562155158e-06,0.0583736769826187,4.947874177608e-05,0.0146126615591228,nm0490621
85,7240,nm0795511,Kei Shu,"writer,producer",1.338401413351e-05,3.297097578766009e-06,0.0583174539382054,2.8516432594282457e-05,0.014590662870628,nm0795511
86,1617,nm0628838,See-Yuen Ng,"director,writer,producer",8.298088762781001e-05,2.018925966705002e-06,0.0579943633243982,0.000276066108832,0.0145888573117061,nm0628838
87,733,nm0311508,Jeffrey Lau,"producer,director,writer",8.833449328122e-05,2.166298603191896e-06,0.0576610030145245,0.0005186412587816,0.0145675362662976,nm0311508
88,3547,nm1030519,Ho-sik Kim,writer,1.6060816960220003e-05,2.037770524036064e-06,0.0580019572438698,0.0001181280180228,0.0145345459623442,nm1030519
89,2211,nm0943138,Wu Ma,"director,producer",4.550564805396e-05,4.240929739822073e-06,0.0578198531179796,0.000205505627194,0.0145187763307418,nm0943138
90,296,nm0789956,Runme Shaw,producer,0.0001311633385084,6.274144932845257e-06,0.0568324239641294,0.0009679420080055,0.014484450863894,nm0789956
91,1982,nm0939182,Kar-Wai Wong,"director,writer,producer",3.479843674714e-05,3.4545791357263305e-06,0.057606538077181,0.0002286839779315,0.0144683687677488,nm0939182
92,1341,nm0159507,Stephen Chow,"producer,writer,director",3.2121633920440005e-05,1.5322207296493048e-06,0.0574743570482264,0.0003201055679208,0.0144570291176993,nm0159507
93,4479,nm0876602,Barbie Tung,producer,3.2121633920440005e-05,3.612705049278548e-06,0.0576732520609337,8.533756478572001e-05,0.0144485809911722,nm0876602
94,768,nm0874676,Eric Tsang,"writer,producer,director",5.621285936077e-05,2.862618423957628e-06,0.0572001413658112,0.0004973983016582,0.0144391537863135,nm0874676
95,2549,nm0159443,Chris Chow,writer,3.7475239573850005e-05,1.917273302851569e-06,0.0574386623443098,0.0001760617330826,0.0144135291475672,nm0159443
96,2909,nm0155598,Jingle Ma,"director,writer",5.353605653407e-05,1.994616450753575e-06,0.0574312151981657,0.0001516397565705,0.0144095964069302,nm0155598
97,1718,nm0849282,Edward Tang,writer,7.762728197440001e-05,2.5202257281021253e-06,0.0572772189631,0.0002623517241151,0.0144049295487294,nm0849282
98,3102,nm0849281,Disheng Tang,writer,1.070721130681e-05,2.8486670346816764e-06,0.0574269045750741,0.0001425618325735,0.0143957555714972,nm0849281
99,6142,nm0672543,Clare Peploe,writer,2.409122544033e-05,2.929215270628e-05,0.0574712172737329,4.445033251448e-05,0.0143922627460985,nm0672543
100,3385,nm0790925,Dean Shek,producer,2.409122544033e-05,2.079632162589476e-06,0.0574034034716775,0.000127176019333,0.0143891875871533,nm0790925
101,11795,nm0000774,Michelangelo Antonioni,director,1.873761978692e-05,3.288919833894e-05,0.0574128016044641,2.2706294617541053e-07,0.014366163871384,nm0000774
102,9021,nm0995906,Milo Addica,writer,2.141442261363e-05,4.632211330361505e-06,0.0574061442758921,1.218707810954386e-05,0.0143610944969864,nm0995906
103,2312,nm0232504,Tung-Shing Yee,"director,producer",5.8889662187480005e-05,1.9921071817334234e-06,0.0571744949117539,0.0001957301647014,0.0143577767114561,nm0232504
104,4623,nm0955402,Shankun Zhang,producer,1.070721130681e-05,2.417632135802e-05,0.0572211419480289,8.000917559928e-05,0.0143340086640732,nm0955402
105,4160,nm0682177,Jean-Louis Piel,producer,3.7475239573850005e-05,4.427807468775443e-06,0.0571694460482967,9.24512348076e-05,0.0143259500825367,nm0682177
106,2547,nm0659388,Jacky Yee Wah Pang,"producer,director",2.409122544033e-05,3.351407257405713e-06,0.0570976933514246,0.0001762397380811,0.0143253439305508,nm0659388
107,3897,nm0950699,Kai-Chi Yuen,writer,5.353605653407e-05,1.773792860451734e-06,0.057122107820846,0.0001039500183814,0.0143203419221555,nm0950699
108,895,nm0950728,James Yuen,"writer,director",7.495047914770001e-05,1.651387863471545e-06,0.0567553898131351,0.0004450138095142,0.0143192513724151,nm0950728
109,6153,nm0401195,Koan Hui,writer,2.676802826703e-05,1.1535551995382508e-06,0.0571993638624964,4.426130987536e-05,0.0143178866889595,nm0401195
110,5325,nm1644613,Chi-long To,writer,2.409122544033e-05,1.2514270134253952e-06,0.0571713878133278,5.807239348156001e-05,0.0143137007148158,nm1644613
111,975,nm0159052,John Chong,"producer,writer",7.2273676321e-05,1.2117927295898138e-06,0.0567079703260496,0.0004161426703235,0.0142993996163559,nm0159052
112,8635,nm0864782,Raymond To,writer,2.409122544033e-05,2.201159330783363e-06,0.0570806543501261,1.4534732100359138e-05,0.0142803703667494,nm0864782
113,1006,nm0793016,Nansun Shi,producer,3.479843674714e-05,8.521976797135038e-07,0.056613749495493,0.0004037837605292,0.0142632959726122,nm0793016
114,11049,nm0192253,Carolynne Cunningham,producer,2.409122544033e-05,1.0714342205957132e-05,0.0568301214093751,1.960020653375849e-06,0.0142167217494186,nm0192253
115,4707,nm1113644,Sap Sam Chan,writer,8.030408480111355e-06,7.702388782393284e-07,0.0567684057873258,7.650629039060001e-05,0.0142134281812687,nm1113644
116,2096,nm0151125,Teddy Chan,"writer,director",5.353605653407e-05,1.5693186116371393e-06,0.0565741711704444,0.0002171001467024,0.0142115941730731,nm0151125
117,5324,nm0442983,Kee-To Lam,writer,1.6060816960220003e-05,1.9142736596050177e-06,0.0567412321508029,5.808677289088e-05,0.0142043235035784,nm0442983
118,707,nm0149222,Louis Cha,writer,5.085925370737e-05,3.383712103711145e-06,0.0561765353731552,0.0005327332466808,0.0141908778964118,nm0149222
119,825,nm0151690,Eileen Chang,writer,2.409122544033e-05,1.6665584148361678e-06,0.0562557651431092,0.0004741061141241,0.0141889072602721,nm0151690
120,10681,nm0335269,Barra Grant,"director,writer",1.070721130681e-05,5.015542446477248e-06,0.056708734527764,3.3149964758201384e-06,0.0141819430694983,nm0335269
121,8039,nm0678992,Aimée Peyronnet,producer,2.409122544033e-05,9.433788120290362e-06,0.0566305108467459,2.0613631420561477e-05,0.0141711623729317,nm0678992
122,1687,nm0161159,Tin-Nam Chun,writer,5.353605653407e-05,1.0973898281925378e-06,0.0563623822184124,0.0002666946968461,0.0141709275904052,nm0161159
123,763,nm0482585,Lam Chua,"producer,writer",8.565769045452e-05,1.916772218516738e-06,0.0560586683718327,0.000499947791932,0.0141615476566094,nm0482585
124,3510,nm0401176,Ann Hui,"writer,director,producer",4.550564805396e-05,9.077196558821056e-07,0.0563401212997549,0.0001205747466905,0.0141267773535388,nm0401176
125,1360,nm0399003,Jianxin Huang,"director,producer,writer",3.479843674714e-05,8.59556878181711e-07,0.0561192238447689,0.0003173242375494,0.0141180515189859,nm0399003
126,210,nm0648505,On Szeto,writer,7.495047914770001e-05,1.9811441676995355e-06,0.0551918158567774,0.0012028261538915,0.0141178934084961,nm0648505
127,4246,nm1040327,Yuet-Jan Hui,"producer,writer",5.085925370737e-05,1.5688701367251549e-06,0.0563288089310095,8.911192727436e-05,0.0141175872455319,nm1040327
128,6375,nm0156451,Chi-Sing Cheung,writer,3.2121633920440005e-05,9.733653501660733e-07,0.0563888163051998,4.030855751252e-05,0.0141155549654957,nm0156451
129,2823,nm0599779,Florence Montgomery,writer,1.6060816960220003e-05,4.638033441007855e-06,0.0562681767431287,0.0001566866766614,0.0141113905675478,nm0599779
130,8122,nm0156432,Tung Cho 'Joe' Cheung,"director,writer",2.409122544033e-05,1.1045513527607888e-06,0.0563586079433212,1.94419127647151e-05,0.0141008114082197,nm0156432
131,2282,nm0231001,Larry Dolgin,writer,1.6060816960220003e-05,1.2560958196371682e-06,0.0561098703290109,0.0001995723343244,0.0140816898940288,nm0231001
132,905,nm0516344,Wei Lo,"director,writer,producer",5.353605653407e-05,1.9851092781800985e-06,0.0556895855803397,0.0004404807845503,0.0140463968826755,nm0516344
133,8873,nm0161132,Claudie Chung Jan,producer,2.409122544033e-05,1.1352088308424789e-06,0.0560941634396848,1.322527619713388e-05,0.0140331537875382,nm0161132
134,435,nm0398836,Li-Kong Hsu,"producer,writer",6.424326784089e-05,1.8474239882771277e-06,0.0553220579632027,0.0007364723144034,0.0140311552423588,nm0398836
135,2955,nm0605661,Akira Morishige,producer,2.141442261363e-05,5.886557127597405e-07,0.0558900288873393,0.0001486657940016,0.0140151744399168,nm0605661
136,10693,nm0155642,Siu-Tung Ching,director,1.338401413351e-05,8.923935732345759e-07,0.0559706852521812,3.2601681401096744e-06,0.013997055457007,nm0155642
137,3793,nm0496752,Daniel Lee,director,5.085925370737e-05,9.29570408743086e-07,0.0557848199431294,0.0001092518148103,0.0139864651455139,nm0496752
138,3769,nm0699700,Songling Pu,writer,2.944483109374e-05,8.064920939323709e-07,0.0557663382344171,0.0001109218397033,0.013976877849327,nm0699700
139,1848,nm1317536,Lee Joo-Ick,producer,2.676802826703e-05,6.859585336136759e-07,0.0555921052631578,0.0002446417608004,0.0139660502526897,nm1317536
140,5345,nm0150977,Kin Chung Chan,writer,3.479843674714e-05,9.9473412271032e-07,0.0557283044854391,5.7422535932080005e-05,0.0139553800480602,nm0150977
141,3356,nm0005033,Sammo Kam-Bo Hung,"producer,director",6.959687349429e-05,1.4646069807679135e-06,0.0556211297112607,0.0001288151716686,0.0139552515908511,nm0005033
142,4818,nm0811607,Solon So,producer,4.818245088066e-05,1.1659559264960491e-06,0.0556354694131179,7.310001254432e-05,0.0139394794581173,nm0811607
143,2154,nm0997343,Man Choi Lee,writer,3.7475239573850005e-05,6.692661016541672e-07,0.0554269870853447,0.0002124998456434,0.0139194078591659,nm0997343
144,4756,nm0170504,Clifton Ko,"producer,director,writer",4.550564805396e-05,1.854509308176859e-06,0.055543676249307,7.506570758476e-05,0.0139165255285634,nm0170504
145,4379,nm3123134,Cai Shen Ning,writer,1.338401413351e-05,1.1153077424900643e-06,0.0555290174447757,8.554319866348001e-05,0.0139072649913288,nm3123134
146,1839,nm0151162,Willie Chan,producer,5.085925370737e-05,1.4879690430499845e-06,0.0552730090762218,0.0002458847452809,0.0138928102610633,nm0151162
147,3464,nm0497758,Lik-Chi Lee,"writer,director",4.282884522726e-05,1.3080755373360888e-06,0.0553690083025223,0.00012281597391,0.0138839902992992,nm0497758
148,4022,nm0387354,Meng-Hua Ho,director,4.282884522726e-05,3.4032626085382945e-06,0.0552149895687087,9.85279035768e-05,0.0138399373950303,nm0387354
149,11741,nm8662749,Eric Monette,producer,1.6060816960220003e-05,9.496996259021787e-06,0.055328240661609,3.275592027153878e-07,0.0138385315085077,nm8662749
150,8178,nm0398771,Hsueh-Li Pao,director,2.944483109374e-05,3.422691399400372e-06,0.0553017011965542,1.888310368630392e-05,0.0138383629556834,nm0398771
151,414,nm0219045,Teng-Kuei Yang,producer,4.282884522726e-05,3.385453994922309e-07,0.0545087143217984,0.0007681394933188,0.0138300053014359,nm0219045
152,11333,nm0950465,Benzheng Yu,producer,1.338401413351e-05,6.893081782728663e-07,0.0553031547544732,1.122788897116509e-06,0.0138295877164205,nm0950465
153,9756,nm0620609,Yin Nam,writer,1.6060816960220003e-05,6.81666097998502e-07,0.0552788177339901,7.568166923686241e-06,0.013825782095993,nm0620609
154,5872,nm0497762,Pik-Wah Lee,writer,1.338401413351e-05,6.408569735038869e-07,0.0552233223755437,4.994961853392e-05,0.0138218242162961,nm0497762
155,6119,nm0762632,John Sham,producer,2.409122544033e-05,1.13534833941519e-06,0.0552102808336449,4.482554807016e-05,0.0138200832388737,nm0762632
156,6206,nm0013830,Wai-Lun Lam,"writer,director",2.409122544033e-05,9.751786286029517e-07,0.055191091991711,4.307923510480001e-05,0.0138148094077211,nm0013830
157,5988,nm0136128,Julien Carbon,writer,2.141442261363e-05,6.775519931093542e-07,0.0550661484709299,4.743480811084e-05,0.0137839188134118,nm0136128
158,5987,nm0183837,Laurent Courtiaud,writer,2.141442261363e-05,6.775519931093542e-07,0.0550661484709299,4.743480811084e-05,0.0137839188134118,nm0183837
159,9016,nm0381857,Charles Heung,producer,2.676802826703e-05,7.929193232198658e-07,0.0550834478696249,1.2202220620035664e-05,0.0137808027594588,nm0381857
160,9017,nm0381858,Jimmy Heung,producer,2.676802826703e-05,7.929193232198658e-07,0.0550834478696249,1.2202220620035664e-05,0.0137808027594588,nm0381858
161,5869,nm0354008,Chung-Man Yee,"director,producer,writer",3.2121633920440005e-05,7.194620118648632e-07,0.0550146750250031,5.005790603144e-05,0.0137743935067417,nm0354008
162,8644,nm0005767,Edward Lachman,director,1.338401413351e-05,8.263014220123387e-06,0.0550060455540668,1.4468467328892189e-05,0.0137605402624373,nm0005767
163,1727,nm0232484,Ping Dong,producer,1.338401413351e-05,3.086997257882e-05,0.054688647306895,0.0002609423287834,0.0137484609055977,nm0232484
164,496,nm0160900,Yen-Ping Chu,"director,producer",7.762728197440001e-05,4.454733002476139e-07,0.0542263458007151,0.0006765474277823,0.013745241495943,nm0160900
165,9896,nm0151072,Pui-Wah Chan,producer,1.873761978692e-05,8.502970618524006e-07,0.0549489436159932,6.9447984864394295e-06,0.0137438690828321,nm0151072
166,4559,nm0939236,Manfred Wong,writer,5.353605653407e-05,7.198170386857454e-07,0.0548240214183814,8.237867529824e-05,0.0137401639918131,nm0939236
167,1208,nm0793812,Stephen Shin,"producer,director",7.495047914770001e-05,5.212703534265928e-07,0.0544688507190286,0.0003513342301924,0.0137239141746805,nm0793812
168,4610,nm3814543,Chuo-Lun Ting,writer,2.676802826703e-05,7.169530482470629e-07,0.0547334603653579,8.071989376148001e-05,0.0137104163101086,nm3814543
169,7713,nm0155583,Kam Fu Cheng,writer,1.873761978692e-05,5.79411973964098e-07,0.0547195818108526,2.389419972545694e-05,0.0136906982605847,nm0155583
170,9558,nm0156927,Chia-Hsiang Wu,director,1.070721130681e-05,1.0666180409599328e-06,0.0547370201031497,8.711266529856848e-06,0.0136893762997568,nm0156927
171,111,nm1015085,Ji-hyeon Kim,writer,4.550564805396e-05,7.770203629553963e-07,0.0528655778894472,0.0018094444089216,0.0136803262416964,nm1015085
172,6784,nm0346640,Chih-Hung Kuei,director,3.479843674714e-05,3.2499544720515727e-06,0.0546127041600965,3.384463522466057e-05,0.013671149296635,nm0346640
173,1426,nm0514906,Chia-Liang Liu,"director,producer",6.424326784089e-05,1.4900249838191093e-06,0.0542455688043828,0.0003091476782719,0.0136551124438698,nm0514906
174,2536,nm1385080,Chi-Keung Fung,writer,4.282884522726e-05,3.935432809407552e-06,0.0543903526629054,0.0001768642447464,0.0136534952964221,nm1385080
175,6097,nm0504980,Patrick Leung,"director,writer",3.2121633920440005e-05,5.278200872997247e-07,0.0545228393182215,4.524563152744001e-05,0.0136501836009391,nm0504980
176,7962,nm0915814,Blayne Weaver,"writer,director",2.141442261363e-05,5.886283298315563e-07,0.0544801336077989,2.134900192297687e-05,0.0136308714151663,nm0915814
177,3826,nm0948137,Kwong-Kim Yip,"producer,writer",4.550564805396e-05,6.148236832241738e-07,0.0543685682724048,0.0001076290919184,0.0136305794590151,nm0948137
178,3303,nm2527231,Keith Wong,writer,3.479843674714e-05,2.011476221391971e-06,0.0543282079089042,0.0001315444288696,0.0136241405626856,nm2527231
179,3361,nm0158402,Kang-Chien Chiu,writer,2.944483109374e-05,2.1909574346041363e-06,0.0543306629138773,0.0001283473281771,0.0136226615076457,nm0158402
180,4042,nm0445914,Hugh Kelley,writer,1.873761978692e-05,9.083572521334488e-07,0.0543005167975327,9.73802781808e-05,0.0136043857631881,nm0445914
181,11970,nm0801728,Stephen Sinclair,writer,1.6060816960220003e-05,9.282425365189976e-06,0.0542910592181653,5.09296866848309e-08,0.0135791133475443,nm0801728
182,3276,nm1482322,Shuichi Shigeno,writer,2.409122544033e-05,1.0785748392071098e-06,0.054147499533555,0.0001336050209995,0.0135765685887085,nm1482322
183,8933,nm0297132,Laura Fu,producer,1.338401413351e-05,9.0304708001909e-07,0.0542721539394095,1.2871957605837589e-05,0.0135748282395572,nm0297132
184,8404,nm0150929,Janet Chun,"writer,director",2.944483109374e-05,1.0554754860110772e-06,0.0541949193470491,1.6643789603298964e-05,0.013560515860808,nm0150929
185,4659,nm1713457,Peter Tsi,writer,2.409122544033e-05,4.881068188681189e-07,0.0540772201268368,7.846936108944e-05,0.0135450672050463,nm1713457
186,5234,nm0865807,Yasuyoshi Tokuma,producer,2.409122544033e-05,2.015149855759528e-06,0.0540438839265647,6.0958648009360006e-05,0.0135327372374675,nm0865807
187,4053,nm0155593,Lawrence Cheng,"producer,writer",3.7475239573850005e-05,6.301480535531716e-07,0.0539475792752889,9.681678648884e-05,0.0135206253623512,nm0155593
188,2997,nm1707265,Albert Lee,producer,6.156646501418001e-05,8.887068090507161e-07,0.0538412820266769,0.0001459664216072,0.0135124259050268,nm1707265
189,11697,nm8193720,Keng-Meng Lin,producer,1.6060816960220003e-05,4.813328322844493e-07,0.0540293122596632,4.04936767242838e-07,0.0135115648365557,nm8193720
190,2578,nm0874683,Kan-Cheung Tsang,writer,5.621285936077e-05,3.999117101556928e-06,0.0537638942123418,0.0001737731595524,0.0134994698370891,nm0874683
191,5847,nm0787810,Sai-Shing Shum,writer,2.141442261363e-05,4.813642050384474e-07,0.0539237294651323,5.0487807368160005e-05,0.0134990282648297,nm0787810
192,5191,nm0159201,Yuen Chor,"director,writer",4.282884522726e-05,1.5607508445941025e-06,0.0538750584123366,6.214509605524001e-05,0.0134953982761159,nm0159201
193,6667,nm1210422,Wai-Lun Ng,writer,3.479843674714e-05,5.18779980895721e-07,0.0539005911248022,3.5683984048354335e-05,0.0134928980813946,nm1210422
194,7855,nm0284566,Henry Fong,producer,2.141442261363e-05,1.1024547105164136e-06,0.0539043885942663,2.234263343605879e-05,0.0134873120262566,nm0284566
195,9569,nm1173525,Wing-Shing Ma,writer,1.6060816960220003e-05,4.89131875128315e-07,0.0539078413035958,8.641310786976323e-06,0.0134832581408045,nm1173525
196,9787,nm0530853,Fibe Ma,writer,2.141442261363e-05,9.71240446872517e-07,0.0538974845022798,7.408294300953445e-06,0.0134818196149103,nm0530853
197,1247,nm0151874,Yung-Hsiang Chang,writer,4.282884522726e-05,2.8227932931967315e-06,0.0534311017998285,0.0003420206069798,0.0134546935113322,nm0151874
198,9466,nm0156871,Chi-Ngai Lee,"producer,director,writer",3.2121633920440005e-05,6.896123750890654e-07,0.0537529060112919,9.258558607941836e-06,0.0134487439540488,nm0156871
199,3158,nm1001051,Ho-Cheung Pang,director,2.676802826703e-05,3.472901725453631e-07,0.0535603143793553,0.0001410163353948,0.0134321115082974,nm1001051
200,2726,nm1063017,Tak-Sam Leong,"producer,director,writer",3.7475239573850005e-05,2.599193624056716e-07,0.0534698000648026,0.0001640097974972,0.013417886255309,nm1063017
201,6094,nm0947799,Kwok-Fai Yeung,producer,2.409122544033e-05,4.190163754371216e-06,0.0535402114584525,4.527047091968e-05,0.0134034408296417,nm0947799
202,2645,nm0911117,Zhonglei Wang,producer,4.818245088066e-05,6.727102826151992e-07,0.053381961182291,0.0001706673570338,0.013400370925122,nm0911117
203,2788,nm0399065,Ying Wong,writer,2.676802826703e-05,4.035613804388698e-07,0.0533153423668256,0.0001597220982118,0.0133755590136712,nm0399065
204,1740,nm0864775,Johnnie To,"director,producer",7.495047914770001e-05,4.787513572012681e-07,0.0531386142364662,0.0002590112360689,0.01336826367576,nm0864775
205,3044,nm2774833,Edmond Wong,writer,4.282884522726e-05,9.36542707630356e-07,0.0532371006205365,0.0001434193352278,0.0133560713359248,nm2774833
206,2203,nm1004738,Tun-Fei Mou,director,6.692007066759e-05,1.6088032589046823e-06,0.0531241912576928,0.0002058285455539,0.0133496371692933,nm1004738
207,5621,nm3018849,Frankie Tam,writer,2.944483109374e-05,3.258265352146094e-07,0.0532485527189902,5.659482866056e-05,0.0133337295513199,nm3018849
208,2575,nm0284011,Clarence Fok,director,2.944483109374e-05,2.813518517043786e-07,0.0531255325998447,0.0001740511005446,0.0133323274708336,nm0284011
209,10821,nm2597943,Koon-Nam Lui,writer,2.141442261363e-05,3.587632706107461e-07,0.0532984604862355,2.722020329256565e-06,0.0133307389231122,nm2597943
210,6398,nm0833298,Keith W. Strandberg,writer,2.141442261363e-05,4.077199236219692e-07,0.0532495634348189,3.99581183493956e-05,0.0133278359239263,nm0833298
211,3192,nm1622192,Cary Cheng,"writer,producer",1.873761978692e-05,2.542536028004422e-07,0.0531201676376098,0.0001390586964693,0.0133195545518672,nm1622192
212,4664,nm2734866,Mark Wu,writer,2.141442261363e-05,5.216182758399744e-07,0.0531319049001906,7.823722671236e-05,0.0133080195419481,nm2734866
213,3599,nm0843867,Yeung-Ping Sze,writer,2.409122544033e-05,2.599768300279125e-07,0.0529857276865253,0.0001161745212616,0.0132815633525143,nm0843867
214,3680,nm0632354,Nonzee Nimibutr,producer,2.409122544033e-05,5.134051619904402e-07,0.0529870620455189,0.0001140535321383,0.0132814300520649,nm0632354
215,9979,nm0838936,Chung Sun,director,2.944483109374e-05,1.512153790287451e-06,0.0530829780255821,6.506331748600757e-06,0.0132801103355536,nm0838936
216,10341,nm1048875,Carl Chang,producer,2.141442261363e-05,8.659988921508061e-07,0.0530565414462859,4.725507035993671e-06,0.0132708868437069,nm1048875
217,8379,nm1125509,Sunny Chan,writer,2.141442261363e-05,3.510207097301193e-07,0.0530344753706842,1.6905186356399247e-05,0.013268286500091,nm1125509
218,8013,nm1210118,Ho-Leung Lau,writer,4.550564805396e-05,4.2880848038519234e-07,0.0529314096678029,2.086988782379527e-05,0.0132495535030402,nm1210118
219,11709,nm0165560,Paul B. Clay,writer,1.873761978692e-05,5.633037802932658e-07,0.0529610541617111,3.893510830130481e-07,0.0132451861090903,nm0165560
220,5804,nm0559657,Jun'ichi Matsushita,producer,2.409122544033e-05,2.1168521256977107e-07,0.0528948162300769,5.162610980876e-05,0.0132426863126346,nm0559657
221,2150,nm0155568,Kang Cheng,"director,writer",4.015204240055001e-05,1.3132710991933946e-06,0.0527023726775751,0.0002129741514976,0.0132392030356431,nm0155568
222,3107,nm2581373,Yao Meng,writer,1.873761978692e-05,8.85995495345202e-07,0.0527340739487584,0.0001425618325735,0.0132240648491535,nm2581373
223,8010,nm0492288,Alex Law,"writer,director",2.676802826703e-05,4.037064593918153e-07,0.0528327233692615,2.0894262348426783e-05,0.0132201973415841,nm0492288
224,4403,nm1098030,Ming Beaver Kwei,"writer,producer",2.141442261363e-05,8.865841230609046e-07,0.0527334131166235,8.554319866348001e-05,0.0132103143305059,nm1098030
225,8491,nm0481681,David Lai,"director,writer",1.873761978692e-05,3.204830017160072e-07,0.0528032223253946,1.5840018209750576e-05,0.0132095301115982,nm0481681
226,459,nm0061792,Godfrey Ho,"director,writer",6.156646501418001e-05,3.111966051633955e-07,0.0520485593602928,0.000713786559648,0.01320605589539,nm0061792
227,7151,nm0811237,Amy Snow,"director,writer",1.6060816960220003e-05,8.854354286229483e-07,0.0527327523010507,2.8516432594282457e-05,0.0131945537465084,nm0811237
228,9620,nm0516343,Lu Tung,writer,1.873761978692e-05,5.406722661045288e-07,0.0527492776604346,8.297437383657396e-06,0.0131942133474678,nm0516343
229,5179,nm0950680,Feng Yueh,director,1.6060816960220003e-05,1.1176168274319951e-06,0.0526964329319833,6.232884734068e-05,0.0131939850532779,nm0950680
230,6075,nm0298676,Min-Hun Fung,writer,3.2121633920440005e-05,3.83600051095279e-06,0.0526842276585622,4.56243446502e-05,0.0131914524094109,nm0298676
231,10096,nm0398739,Shan Hua,director,3.2121633920440005e-05,1.4724672597378517e-06,0.0527211907088626,5.930962625353767e-06,0.013190178943167,nm0398739
232,6706,nm0519731,Lung Hsiao,"writer,director",2.676802826703e-05,3.0499178662024824e-07,0.0526944533142996,3.5169576544670846e-05,0.0131891739777244,nm0519731
233,5809,nm3575227,Yeuk-Kwong Yuen,writer,2.141442261363e-05,2.482628368308389e-07,0.0526555510370069,5.148375161284e-05,0.0131821743685175,nm3575227
234,11988,nm2060068,Wing-Fai Wong,writer,1.338401413351e-05,3.466490548869967e-07,0.0526796109212453,3.2760205135356645e-08,0.0131733435861597,nm2060068
235,3065,nm0947445,Hsin-Yen Chang,director,2.141442261363e-05,2.2187676954366747e-07,0.0525227940763484,0.0001425679316928,0.0131717495768561,nm0947445
236,2447,nm0943177,Tian-Ming Wu,"producer,director",3.7475239573850005e-05,4.927935298964538e-07,0.0524583011294223,0.0001840649876514,0.0131700835375443,nm0943177
237,11140,nm3332524,Man-Lung Ho,writer,2.141442261363e-05,4.266185024569625e-07,0.0526450111655313,1.6973776063848648e-06,0.0131671373960634,nm3332524
238,8632,nm0948145,Wai-Man Yip,director,1.6060816960220003e-05,2.515512522885076e-07,0.0526176930290715,1.455123196636299e-05,0.0131621391573126,nm0948145
239,8924,nm5108115,Alex Dong,producer,2.141442261363e-05,2.592865366200923e-07,0.0525835030677146,1.2906480327102706e-05,0.013154520814298,nm5108115
240,11934,nm0498462,Yung-Chang Li,writer,1.6060816960220003e-05,1.152955551388982e-06,0.052579232446413,7.456290850329088e-08,0.0131491301954582,nm0498462
241,5294,nm0950710,Brandy Yuen,"producer,director,writer",2.141442261363e-05,2.300229264882447e-07,0.0524730190596729,5.915858013632e-05,0.0131384555213373,nm0950710
242,5254,nm0297133,Li Fu,writer,2.141442261363e-05,2.251331771437819e-07,0.0524641873106509,6.0570695468e-05,0.0131365993904774,nm0297133
243,5916,nm0477269,Abe Kwong,"writer,director,producer",5.621285936077e-05,3.839115650993464e-07,0.0524197466273029,4.890734135692e-05,0.0131313126848964,nm0477269
244,5849,nm0946995,Patrick Kong,"director,writer",2.409122544033e-05,2.51393270798423e-07,0.0524403237564723,5.04351856106e-05,0.0131287753901985,nm0946995
245,6210,nm0368478,Kirk Hassig,producer,1.6060816960220003e-05,3.086512966947177e-07,0.0524445718416231,4.3008823897840006e-05,0.0131259875334444,nm0368478
246,8825,nm3144179,Peace Group,writer,1.6060816960220003e-05,2.287631968824469e-07,0.0524605900429473,1.3539038429893542e-05,0.0131226046653835,nm3144179
247,1276,nm2898643,Junli Guo,writer,4.818245088066e-05,2.9191546381927545e-07,0.0521055955225913,0.0003344651901178,0.0131221337697634,nm2898643
248,3525,nm0947318,Yun Chiao Yeh,writer,2.409122544033e-05,2.1728460146222706e-07,0.0523349957093287,0.0001197787086446,0.0131197707320038,nm0947318
249,4023,nm0150894,Frankie Chan,"director,writer",2.944483109374e-05,6.991513115130132e-07,0.0523083233890214,9.850407056e-05,0.0131092428604966,nm0150894
250,6849,nm0000329,Jackie Chan,producer,2.944483109374e-05,2.9702133472044426e-07,0.052330114593761,3.2635404391755334e-05,0.0130981229626453,nm0000329
251,6773,nm0040575,David Atkins,"writer,director",1.6060816960220003e-05,3.465212568604231e-07,0.0522193956691692,3.401268206357955e-05,0.0130674539223624,nm0040575
252,11428,nm1852282,Paco Wong,producer,1.338401413351e-05,2.5665297582771e-07,0.0522550602260027,9.457521351446054e-07,0.0130674116613117,nm1852282
253,8050,nm4886061,Joyce Chan,writer,2.141442261363e-05,3.019325096929821e-07,0.0521828090995331,2.045130777438179e-05,0.0130562441906077,nm4886061
254,3889,nm5335213,Tai-lee Chan,writer,4.550564805396e-05,7.95701358624713e-07,0.0520434097022539,0.0001043302523996,0.0130485103260165,nm5335213
255,5639,nm1110912,Soi Cheang,director,2.944483109374e-05,5.155931740593161e-07,0.0520640144508849,5.605085105064e-05,0.0130375064315508,nm1110912
256,8944,nm0851042,Hong Tat Cheung,producer,1.873761978692e-05,3.748326701560941e-07,0.0520810901125013,1.2795399040303806e-05,0.0130282494909996,nm0851042
257,7930,nm0690931,Yuen-Leung Poon,writer,1.873761978692e-05,7.739590583731985e-07,0.0520208919244676,2.163726756975917e-05,0.0130155101927206,nm0690931
258,8251,nm0516352,Yiu Fai Lo,writer,2.409122544033e-05,2.524721641350235e-07,0.0519592287793945,1.8212339325858567e-05,0.0130004462040812,nm0516352
259,8974,nm0789966,Sandy Shaw,writer,2.676802826703e-05,3.979658988129778e-07,0.0519082745349582,1.2569858170025748e-05,0.0129870025968235,nm0789966
260,5606,nm1056267,Katsuya Terada,writer,1.873761978692e-05,2.734521777566252e-07,0.0518711633754899,5.6862735277200005e-05,0.0129867592956829,nm1056267
261,11630,nm0513402,Wang Fung Lip,writer,1.6060816960220003e-05,2.542440566369941e-07,0.0519153188496983,5.241259191968815e-07,0.0129830395091585,nm0513402
262,6802,nm1205568,Barbara Wong Chun-Chun,director,2.141442261363e-05,7.412362983221857e-07,0.0518641310376277,3.3422551685909886e-05,0.0129799273120563,nm1205568
263,4291,nm2781586,Elliott J. Brown,writer,1.873761978692e-05,3.504736152527472e-07,0.0518085787451984,8.73585254908e-05,0.0129787563410228,nm2781586
264,6052,nm0157714,Andy Wing-Keung Chin,director,2.141442261363e-05,2.3337823342489403e-07,0.0518411294395919,4.617491433824e-05,0.0129772380386943,nm0157714
265,6748,nm0002254,King Hu,director,1.6060816960220003e-05,7.787476387836354e-07,0.0518334667734187,3.437128853126702e-05,0.0129711694066372,nm0002254
266,2772,nm0403230,Xin Huo,writer,2.944483109374e-05,3.485679967516595e-07,0.0516635564504247,0.0001605047428112,0.0129634636480816,nm0403230
267,11995,nm4221145,Maria Wong,writer,1.338401413351e-05,2.371901435196468e-07,0.0517671517671517,2.9353070145924974e-08,0.0129452005811247,nm4221145
268,10804,nm0482592,Dante Lam,director,2.141442261363e-05,2.4347694358902897e-07,0.0517203871562451,2.794151632663106e-06,0.0129362098018587,nm0482592
269,909,nm0497010,Choon-yeon Lee,producer,3.479843674714e-05,9.159513153575557e-08,0.051249543295579,0.0004373771800316,0.0129304526268723,nm0497010
270,7639,nm0523760,Wei Lu,writer,2.141442261363e-05,4.386404423834594e-07,0.0516407323777734,2.476047801613872e-05,0.0129218364797113,nm0523760
271,5090,nm0156434,Alfred Cheung,"director,writer",2.676802826703e-05,2.3191340969362826e-07,0.0515907168340137,6.496053456387999e-05,0.0129206693275635,nm0156434
272,2588,nm0497379,Han Hsiang Li,"director,writer",3.7475239573850005e-05,1.1090789731940014e-06,0.0514205066168114,0.0001731893306352,0.0129080700664984,nm0497379
273,2710,nm0041229,Yang-Ming Tsai,director,3.7475239573850005e-05,3.0763692445923737e-07,0.0514245910754547,0.0001652562821656,0.0129069075585296,nm0041229
274,9697,nm0465033,Ivy Kong,producer,1.6060816960220003e-05,1.2750306770533765e-07,0.0515904005884696,7.832190127108939e-06,0.0129036052746561,nm0465033
275,11451,nm0158409,Leung Chun 'Samson' Chiu,"director,writer",2.141442261363e-05,2.559002451924621e-07,0.051579650546366,8.969537800987295e-07,0.0129005544557512,nm0158409
276,12142,nm0482673,Oi-Wah Lam,writer,1.6060816960220003e-05,2.3725357181197573e-07,0.0515265983824852,5.082599471408128e-10,0.0128857242403193,nm0482673
277,7316,nm0134867,Kin-Nam Cho,director,1.070721130681e-05,1.2352247992688884e-06,0.0514931811090104,2.851643259428245e-05,0.0128834099944277,nm0134867
278,8145,nm2216880,Kwok-Ming Cheung,"director,writer",2.409122544033e-05,3.75805861875932e-07,0.0514673597309279,1.9150515326698988e-05,0.0128777443193892,nm2216880
279,6723,nm0150807,Billy Chan,"producer,director",2.141442261363e-05,2.812056443856028e-07,0.0514494259759631,3.492222571062525e-05,0.0128765109574829,nm0150807
280,8950,nm1531337,Shu-Mei Chin,writer,1.873761978692e-05,4.140480193740832e-07,0.0514201924545593,1.2752266603346444e-05,0.0128630240972422,nm1531337
281,11148,nm2150561,Yung-Feng Lin,producer,8.030408480111355e-06,2.833088735641526e-07,0.0514277334082895,1.6785416403331698e-06,0.0128594314168208,nm2150561
282,11873,nm2259114,Thomas Pang,writer,1.6060816960220003e-05,3.514007502101036e-07,0.0514205066168114,1.395825932067534e-07,0.0128592646042787,nm2259114
283,9418,nm0161020,Catherine Hun,producer,3.7475239573850005e-05,3.128214912898659e-07,0.0513727979685764,9.49319547253641e-06,0.0128550198062785,nm0161020
284,9002,nm0159483,Matt Chow,"writer,director",1.6060816960220003e-05,1.9927569242427506e-07,0.0513546166800907,1.2291037064422849e-05,0.0128457919524519,nm0159483
285,10179,nm0387306,Ivy Ho,"writer,director",1.070721130681e-05,1.8257621266088505e-07,0.0513546166800907,5.386873334344972e-06,0.0128427233352361,nm0387306
286,5638,nm0155179,Chi-Hwa Chen,director,2.141442261363e-05,2.3977235999616725e-07,0.051277645768598,5.607597370096e-05,0.0128388439843181,nm0155179
287,11639,nm0843865,Mei-Yee Sze,writer,2.141442261363e-05,3.7600440384048826e-07,0.0512632784329012,5.081488238444197e-07,0.0128213942521856,nm0843865
288,4188,nm1429767,Tin-Shing Yip,writer,4.282884522726e-05,1.7005574321707373e-07,0.0511492506472511,9.147042546372e-05,0.0128209299934213,nm1429767
289,10405,nm0401206,Sharon Hui,writer,1.6060816960220003e-05,2.018449784411753e-07,0.0512554734745829,4.431380893929858e-06,0.0128190418793538,nm0401206
290,11949,nm0516314,Kin Lo,writer,1.6060816960220003e-05,5.082028883662893e-07,0.0512567221081992,5.993911815906217e-08,0.0128183377667915,nm0516314
291,10264,nm0801863,Man Sing So,writer,2.141442261363e-05,2.452382753302733e-07,0.0512401826484018,5.072355733345129e-06,0.012816728666256,nm0801863
292,2617,nm0156994,Peggy Chiao,"writer,producer",2.944483109374e-05,2.2679962882673467e-07,0.0510648367250355,0.0001710772486478,0.0128163964011014,nm0156994
293,6930,nm3020927,Fung Lam,writer,2.141442261363e-05,3.214368279501343e-07,0.0511794216911429,3.1370537974234834e-05,0.0128081320221396,nm3020927
294,7387,nm0549366,Yves Marmion,producer,2.141442261363e-05,4.805758869560596e-07,0.05114241267835,2.8333130011453505e-05,0.0127981602017155,nm0549366
295,2320,nm0874639,Sung-Lin Tsai,producer,1.873761978692e-05,3.067794435921862e-07,0.0509661908885565,0.0001948104110192,0.0127950114247015,nm0874639
296,10786,nm0939381,Wah-Kei Wong,director,1.070721130681e-05,1.44916441742004e-07,0.0511551576375339,2.866147136701357e-06,0.0127922189781048,nm0939381
297,5641,nm0477102,Stanley Kwan,"director,producer",2.676802826703e-05,2.3069851752855482e-07,0.0510654563988059,5.601871087644001e-05,0.0127871184591167,nm0477102
298,5875,nm1523673,Shu-Kai Chung,director,3.7475239573850005e-05,1.5845834266021837e-07,0.0509995455234055,4.988339475908e-05,0.0127717656540202,nm1523673
299,7490,nm0538353,Karl Maka,"producer,director",1.873761978692e-05,2.1518135335969522e-07,0.0510341816594204,2.6926496733348704e-05,0.0127700152393235,nm0538353
300,6683,nm0948159,Wilson Yip,director,2.409122544033e-05,7.489417127116354e-07,0.0509896581181046,3.547515186202792e-05,0.0127624933592799,nm0948159
301,6787,nm3220563,Ping Ran,writer,2.141442261363e-05,4.562286813512765e-07,0.0509745254563734,3.380133446883004e-05,0.0127575493605343,nm3220563
302,7892,nm0514936,Heng Liu,writer,2.676802826703e-05,4.586352462895498e-07,0.0509587846715549,2.204159702198527e-05,0.0127520132330225,nm0514936
303,12181,nm4183613,Lai-Yin Leung,writer,1.6060816960220003e-05,7.443013189460246e-07,0.0509874957592206,2.0330397885632523e-10,0.0127510752702009,nm4183613
304,5658,nm0947304,I. Fang Yeh,writer,1.070721130681e-05,7.646670569819153e-07,0.050872537582282,5.569453646928001e-05,0.0127349259992787,nm0947304
305,2350,nm0996614,Chak Wong,writer,1.873761978692e-05,8.647416496581701e-07,0.0507183319272025,0.0001920172366944,0.0127324878813333,nm0996614
306,6965,nm0212933,Rod Dean,"writer,producer",2.141442261363e-05,2.3259544713091125e-07,0.0508749977331664,3.0928449415676995e-05,0.0127318933001607,nm0212933
307,12034,nm0157713,Amy Chin,"writer,producer",1.338401413351e-05,1.8207595890743857e-07,0.0508980732247178,7.940498630141569e-09,0.0127279118138272,nm0157713
308,6943,nm1291180,Biao Cao,producer,1.6060816960220003e-05,1.461749274552525e-07,0.050843341468719,3.11962529041756e-05,0.0127226861783777,nm1291180
309,2973,nm0939351,Taylor Wong,director,2.944483109374e-05,1.88619150740228e-07,0.0507048872180451,0.0001478817537839,0.0127206006055183,nm0939351
310,3327,nm0946883,Nai-Hoi Yau,"writer,director",5.353605653407e-05,1.974546419282329e-07,0.0506780191724071,0.0001301166654907,0.0127154673372684,nm0946883
311,1357,nm1038457,Chul Shin,producer,1.338401413351e-05,1.2224307390535616e-07,0.0504399002732895,0.000318663312865,0.0126930174608405,nm1038457
312,8927,nm0477231,Phillip Chung-Fung Kwok,"writer,director",2.141442261363e-05,2.079540240728618e-07,0.0507372888508421,1.2889505588596837e-05,0.0126929501832671,nm0477231
313,6887,nm0659015,Lei Pan,"director,writer",1.070721130681e-05,7.848640192161423e-07,0.0507113031217801,3.199721825899942e-05,0.0126886981038412,nm0659015
314,5571,nm1877613,Ying Chang,producer,1.070721130681e-05,2.3002173941502266e-07,0.0506588015770307,5.703083214876001e-05,0.0126816924105564,nm1877613
315,11813,nm0791528,Chiang Shen,writer,1.070721130681e-05,9.33035395409724e-07,0.0506929762743716,2.086726106490304e-07,0.0126762062984211,nm0791528
316,11812,nm7363534,Buxiaosheng Pingjiang,writer,1.070721130681e-05,9.33035395409724e-07,0.0506929762743716,2.086726106490304e-07,0.0126762062984211,nm7363534
317,11811,nm0398816,Teng-Hung Hsu,director,1.070721130681e-05,9.33035395409724e-07,0.0506929762743716,2.086726106490304e-07,0.0126762062984211,nm0398816
318,3635,nm0498478,Eugene Lee,producer,2.409122544033e-05,1.7059131811014037e-07,0.0505413731601419,0.0001140849843199,0.012669929990305,nm0498478
319,4374,nm0482595,David Lam,producer,1.6060816960220003e-05,1.9077478649931595e-07,0.0505589830773204,8.554319866348001e-05,0.0126651944669326,nm0482595
320,11885,nm1471273,Gwing-Gai Lee,writer,1.070721130681e-05,2.310944721059494e-07,0.0506286319284863,1.318121556120929e-07,0.0126599255116052,nm1471273
321,4243,nm0938965,Cheuk-Hon Wong,producer,1.338401413351e-05,2.683427323898979e-07,0.0505155876739133,8.923172380000001e-05,0.0126546179386448,nm0938965
322,2693,nm2797918,Kang-Nien Li,writer,2.141442261363e-05,7.787989888265248e-07,0.0503912775346222,0.000167141166743,0.0126451529807419,nm2797918
323,7324,nm1906532,Yu-Hsin Chen,director,1.070721130681e-05,8.446632242650875e-07,0.0505371243282192,2.851643259428245e-05,0.0126442981588361,nm1906532
324,3307,nm0788243,Shan-Hsi Ting,"director,writer",2.409122544033e-05,7.653522291909517e-07,0.0503900707096712,0.0001312808388992,0.01263655203156,nm0788243
325,6894,nm1212034,Brian Tse,"writer,director",1.070721130681e-05,1.4344627032133526e-07,0.0504916459189489,3.18151684653112e-05,0.0126335779362478,nm1212034
326,9335,nm0155531,Cheng Ah,writer,1.6060816960220003e-05,1.1808337780042245e-07,0.0504958871069352,1.004401974572374e-05,0.0126305275067547,nm0155531
327,1041,nm0438071,Phillip Ko,"director,producer",2.944483109374e-05,9.24611714815052e-08,0.0499890117069867,0.000394084177756,0.0126031582942519,nm0438071
328,3805,nm0158393,Fu-Sheng Chiu,producer,3.2121633920440005e-05,3.883841140474169e-07,0.0502240814451015,0.0001085361719594,0.0125912819087738,nm0158393
329,815,nm1988327,Tung-Min Chen,"director,writer",3.479843674714e-05,1.4656759544550297e-07,0.0498339106492583,0.0004763793180221,0.0125863087429057,nm1988327
330,5948,nm0862514,Zhuangzhuang Tian,director,2.409122544033e-05,1.1253519853310718e-07,0.0501761728461304,4.815471213656e-05,0.0125621328297264,nm0862514
331,10088,nm3215748,Chia Yeh,writer,1.6060816960220003e-05,1.644367622967427e-07,0.0501989180290712,5.973508325305671e-06,0.0125552791977797,nm3215748
332,3896,nm0117745,Wancang Bu,director,2.944483109374e-05,1.3089785046086409e-06,0.0500139650694984,0.0001039778278252,0.0125371741767305,nm0117745
333,5155,nm0644884,Jeong-wan Oh,producer,1.6060816960220003e-05,1.630480807741511e-07,0.0500508465504629,6.298849227412e-05,0.0125325147269445,nm0644884
334,8376,nm0848376,Patrick Tam,director,1.6060816960220003e-05,1.646398442762651e-07,0.0500568002712138,1.6907447844573166e-05,0.0125224832939657,nm0848376
335,5522,nm0345157,Wen-Chung Ku,director,1.873761978692e-05,7.209211870935417e-07,0.0500127762492497,5.703083214876001e-05,0.0125223164055931,nm0345157
336,10110,nm0538332,Johnny Mak,"director,producer",2.409122544033e-05,1.687486726205475e-07,0.0500523348478721,5.8293767313852365e-06,0.0125206060496791,nm0538332
337,3535,nm0946875,Herman Yau,"director,producer",4.818245088066e-05,1.0950442815401101e-07,0.0498856025131883,0.0001190123249136,0.0125132266983527,nm0946875
338,8722,nm0270502,Mu Fei,"writer,director",1.6060816960220003e-05,9.969643674780101e-08,0.049995841699438,1.4257708037194088e-05,0.012506564980218,nm0270502
339,8721,nm0508525,Tianji Li,writer,1.6060816960220003e-05,9.969643674780101e-08,0.049995841699438,1.4257708037194088e-05,0.012506564980218,nm0508525
340,5434,nm0492305,Chi-Leung Law,"director,writer",1.873761978692e-05,1.2862797366523528e-07,0.0499137087447735,5.703083214876001e-05,0.0124974014561707,nm0492305
341,8483,nm2196814,Fire Lee,"director,writer",1.338401413351e-05,7.180901956003789e-08,0.0499400685947568,1.588111634742736e-05,0.0124923513835643,nm2196814
342,2579,nm0160883,T'ien-wen Chu,writer,5.353605653407e-05,7.70248857482813e-08,0.0496788893348759,0.0001736416875122,0.012476536025952,nm0160883
343,11391,nm1050347,Ming Pao,producer,1.070721130681e-05,1.1185756069623797e-07,0.0498918127441623,1.0006339706072089e-06,0.0124759081117501,nm1050347
344,1589,nm0396284,Hsiao-Hsien Hou,"director,writer",6.424326784089e-05,7.397638120742105e-08,0.0495245380722607,0.0002806344324356,0.0124673724372296,nm0396284
345,4815,nm2279703,Wang Zhang,producer,1.873761978692e-05,7.957788259727013e-07,0.0497334924893337,7.31479533206e-05,0.0124565434603168,nm2279703
346,11677,nm3029976,Min-suk Kim,"director,writer",8.030408480111355e-06,1.5853476608586265e-07,0.0497908667640846,4.3996483069211705e-07,0.0124498739180403,nm3029976
347,1394,nm1030817,Eun Lee,producer,5.35360565340757e-06,1.501955136699123e-07,0.049458182501998,0.0003135689413487,0.0124443138111284,nm1030817
348,11696,nm1358351,John Au,writer,1.873761978692e-05,1.139003087887631e-07,0.0497431926852765,4.063765753857886e-07,0.0124406126454869,nm1358351
349,5909,nm0155295,Kuo-Fu Chen,"producer,director,writer",2.944483109374e-05,1.1690406594369485e-07,0.0496824085005902,4.910902969164e-05,0.0124402698163604,nm0155295
350,4814,nm0271799,Feng Hsu,producer,2.409122544033e-05,9.176726562776838e-08,0.0495799705449189,7.316020754944001e-05,0.0124193284362935,nm0271799
351,3707,nm3773382,Yun Wang,writer,2.409122544033e-05,1.5023294362505438e-07,0.0495096799242312,0.0001140535321383,0.0124119937286884,nm3773382
352,10608,nm0156557,Roman Cheung,"writer,director",2.409122544033e-05,1.9002459138009225e-07,0.0496001320124232,3.592611567554746e-06,0.0124070014685056,nm0156557
353,1322,nm0158857,Ming-liang Tsai,director,3.479843674714e-05,1.0393617866348491e-06,0.0491735464759601,0.0003234872247439,0.0123832178748094,nm0158857
354,12152,nm0955516,Yu Zhao,producer,8.030408480111355e-06,3.436550541123625e-07,0.0495131751569311,5.082599471408128e-10,0.0123803874321813,nm0955516
355,4211,nm0156906,Marco Mak,director,1.6060816960220003e-05,5.526850049971943e-08,0.0492924915075553,9.088801519488e-05,0.0123498739020527,nm0156906
356,8880,nm4845596,Yau-Hing Cheng,writer,2.141442261363e-05,7.62900268510347e-08,0.0493448015056373,1.318072279283705e-05,0.0123448682352676,nm4845596
357,5497,nm2691449,Jonathan Chow,producer,1.873761978692e-05,6.20487283743666e-08,0.0492870068341932,5.703083214876001e-05,0.0123407093337143,nm2691449
358,7649,nm0482571,Bosco Lam,director,2.409122544033e-05,6.585403389480095e-08,0.0492829662768704,2.461165207099855e-05,0.0123329337521039,nm0482571
359,7650,nm1223461,Bing Cheuk,writer,2.409122544033e-05,6.585403389480095e-08,0.0492829662768704,2.461165207099855e-05,0.0123329337521039,nm1223461
360,9730,nm1852162,Man-Wah Cheng,writer,2.141442261363e-05,7.389797169768435e-08,0.0492893160215752,7.684561086433904e-06,0.0123296222258117,nm1852162
361,5969,nm1978095,Joon-Seok Sol,writer,1.070721130681e-05,1.44646430488384e-07,0.0492091984400306,4.786824285012e-05,0.0123169796351545,nm1978095
362,11308,nm4273743,Tin Shu Mak,writer,2.409122544033e-05,1.2578873437710357e-07,0.0491971169865143,1.2197954402907948e-06,0.0123056384490323,nm4273743
363,3334,nm0453707,Tae-yong Kim,director,2.141442261363e-05,6.471842949925234e-08,0.0490288830115695,0.0001297818277872,0.0122950359950999,nm0453707
364,2855,nm0497359,Hsing Lee,"director,producer",4.282884522726e-05,1.3543825612271702e-07,0.0488796738335017,0.0001552019420544,0.0122694600147599,nm0497359
365,6444,nm0159584,Ting-Ting Choi,writer,2.676802826703e-05,1.4973190878116326e-07,0.0489572971746679,3.919955705453518e-05,0.0122558536229745,nm0159584
366,9515,nm0155610,Philip Cheng,writer,1.873761978692e-05,1.6457802736050026e-07,0.0489726804573623,8.966705008306522e-06,0.0122501373400462,nm0155610
367,3434,nm2431417,Ji-Shang Lu,writer,2.141442261363e-05,6.85031963844786e-08,0.0488490336061291,0.0001243031178434,0.0122487049124456,nm2431417
368,5382,nm5107034,Wai-Yee Chan,writer,1.070721130681e-05,1.4340355887014897e-07,0.048912058023572,5.7031848668640005e-05,0.0122449851217765,nm5107034
369,8887,nm0492368,Norman Law Man,"producer,director",1.6060816960220003e-05,7.728136504675102e-08,0.0489097840489086,1.3110063630311194e-05,0.012234758052716,nm0492368
370,11793,nm1010203,Candy Leung,"producer,writer",1.6060816960220003e-05,9.901794582896297e-08,0.0488927359762048,2.2842370196671045e-07,0.0122272810587032,nm1010203
371,2529,nm0490541,Chun-Ku Lu,director,2.944483109374e-05,1.204829873379432e-07,0.0486811966405219,0.0001775742317722,0.0122220840465938,nm0490541
372,7525,nm0906413,Ka-Fai Wai,"writer,director,producer",4.818245088066e-05,9.784594796373141e-08,0.0487963542753774,2.6495634383530363e-05,0.0122177825516473,nm0906413
373,9447,nm0482722,Kuo-Liang Lin,director,1.070721130681e-05,7.04226113218609e-08,0.048842229882656,9.35410008415751e-06,0.0122155904041645,nm0482722
374,10438,nm2017975,Wengui Chen,writer,1.6060816960220003e-05,1.605639998051334e-07,0.0488181485971496,4.256812842832313e-06,0.0122096566977381,nm2017975
375,8589,nm0671834,Peng-Yi Chang,director,1.6060816960220003e-05,6.711047343859098e-08,0.0487873026178496,1.499386219439798e-05,0.0122046061018694,nm0671834
376,10742,nm0159445,Jan-Wing Chow,writer,1.338401413351e-05,1.2840143094989765e-07,0.0487952226345083,3.0585041848714342e-06,0.0122029483885644,nm0159445
377,10923,nm1040773,Heiward Mak,writer,1.338401413351e-05,8.726677807350096e-08,0.0487672312390267,2.3611014255919783e-06,0.0121957659053409,nm1040773
378,6825,nm0844032,Kam-Yuen Szeto,writer,3.7475239573850005e-05,1.174363246044563e-07,0.048696970398315,3.301332784457752e-05,0.0121918941005145,nm0844032
379,7291,nm6109529,Duyu Dan,director,8.030408480111355e-06,3.950910320529535e-07,0.048651367131048,2.8516432594282457e-05,0.0121720772657886,nm6109529
380,8492,nm0497231,Erica Li,writer,2.676802826703e-05,2.619137451929152e-07,0.0486412446684313,1.5831192965277666e-05,0.0121710264508522,nm0497231
381,11561,nm0151100,Siu Cheung Chan,writer,1.6060816960220003e-05,7.282703594397485e-08,0.0486626192541196,6.402470515135714e-07,0.0121698482862918,nm0151100
382,11401,nm2860482,The Shaw Brothers Creative Group,writer,2.409122544033e-05,3.4691528904690535e-07,0.0485825612607152,9.819405405152313e-07,0.0121519953354962,nm2860482
383,5222,nm3377471,Yu-Yun Wu,producer,1.070721130681e-05,6.111965589483647e-08,0.0485145090443744,6.126387728452001e-05,0.0121466353131554,nm3377471
384,7089,nm1104594,Kin-Yee Au,writer,3.479843674714e-05,7.649858080646253e-08,0.0484020680810439,2.881511519267548e-05,0.0121164395328911,nm1104594
385,1700,nm2423883,Li-Kwan Chiu,"director,producer",2.676802826703e-05,7.978064663345441e-08,0.04815558645313,0.0002650657898892,0.0121118750129832,nm2423883
386,1994,nm1012912,Wei Li,writer,2.141442261363e-05,3.5553889266653525e-08,0.0480854273079428,0.0002280745356401,0.0120837379550214,nm1012912
387,5067,nm0803313,Sang Siu,"director,writer",1.6060816960220003e-05,1.0853476208794045e-07,0.048251387423749,6.55067947868e-05,0.0120832658925645,nm0803313
388,8900,nm5564474,Stephanie Rosen-hua,writer,1.070721130681e-05,6.183797705308012e-07,0.0483017871695687,1.3040048558752524e-05,0.0120815382023012,nm5564474
389,4363,nm1282703,Kea Tso,"writer,director",1.338401413351e-05,7.306233732374e-08,0.0482024730671645,8.554523170324e-05,0.0120753688438346,nm1282703
390,5763,nm1234849,Zhongjun Wang,producer,3.2121633920440005e-05,5.942161594684243e-08,0.0480700471778937,5.259831975256e-05,0.0120387066382956,nm1234849
391,6202,nm0271815,Xiaogang Feng,director,2.676802826703e-05,5.554451071227774e-08,0.0480673017613597,4.32694818692e-05,0.0120343487040016,nm0271815
392,9774,nm0945805,Chun Yen,director,1.338401413351e-05,1.8631713695371617e-07,0.0480673017613597,7.486226647795459e-06,0.0120220895798194,nm0945805
393,10122,nm2851862,Liang Fang Hsia-Wu,producer,1.070721130681e-05,5.9268653827778656e-08,0.0480245138318268,5.736605176081336e-06,0.0120102542292409,nm2851862
394,6196,nm4577722,Wilson Chin,director,2.409122544033e-05,4.018770493477574e-08,0.0479555555555555,4.334518505428e-05,0.0120057580384387,nm4577722
395,5210,nm0938939,Arthur Wong,"director,producer,writer",1.873761978692e-05,4.190085580523485e-08,0.0477829379903936,6.163342224152001e-05,0.0119658377333194,nm0938939
396,9639,nm0161230,Hu-pin Chung,producer,2.676802826703e-05,8.80920858115309e-08,0.0477268474149516,8.169223093494227e-06,0.0119404681895995,nm0161230
397,1761,nm1829803,Qiang Li,writer,1.873761978692e-05,7.666678130773683e-07,0.0473000921700424,0.0002565747039161,0.0118940427903896,nm1829803
398,3838,nm0943150,Nien-Jen Wu,writer,5.085925370737e-05,3.293613161267664e-08,0.047354917119611,0.0001071518208246,0.0118782402825686,nm0943150
399,2972,nm0846720,Robert Tai,director,2.141442261363e-05,5.437167751157326e-08,0.0472950418935549,0.0001478934196509,0.0118661010268742,nm0846720
400,4437,nm1093702,Kim Yong-jin,writer,1.070721130681e-05,8.513916114010975e-08,0.0473197719529062,8.554319866348001e-05,0.0118540268755094,nm1093702
401,3687,nm0939495,Teresa Woo,"producer,director",1.6060816960220003e-05,3.285492939682776e-08,0.0472719307114211,0.0001140535321383,0.0118505194788622,nm0939495
402,5815,nm0498306,Sun-Fung Lee,"director,writer",1.070721130681e-05,8.516222587683043e-08,0.0473213683287227,5.135821968236e-05,0.0118458797304844,nm0498306
403,6219,nm3026476,Hua Li,director,1.6060816960220003e-05,8.761154100649627e-08,0.0473187077621976,4.277007455188e-05,0.0118444065663126,nm3026476
404,6220,nm4207577,Mo Man,producer,1.6060816960220003e-05,8.761154100649627e-08,0.0473187077621976,4.277007455188e-05,0.0118444065663126,nm4207577
405,10931,nm0155366,Shih-Chieh Chen,writer,2.409122544033e-05,6.239782845776328e-08,0.0473442615573281,2.3217732918264278e-06,0.0118426842384721,nm0155366
406,1076,nm1639988,Ching-Kang Yao,writer,4.015204240055001e-05,1.7917471473490927e-08,0.0468550622974914,0.0003828706796835,0.0118195257342617,nm1639988
407,9079,nm0298640,Kim-Fung Cheng,"writer,producer",1.338401413351e-05,3.026771504042118e-08,0.0472501684257803,1.1811128520111151e-05,0.0118188484590372,nm0298640
408,10077,nm3396841,Subi Liang,producer,2.141442261363e-05,3.252988985768661e-08,0.0471601479323097,6.004553751522237e-06,0.0117968998596411,nm3396841
409,814,nm0398786,Hsin-Yi Chang,writer,5.353605653407e-05,5.644785785650043e-08,0.0466367066933387,0.0004768929677576,0.0117917980413721,nm0398786
410,7295,nm0422619,Feng-Chyt Jiang,producer,8.030408480111355e-06,7.189154208322284e-08,0.0471184315130613,2.8516432594282457e-05,0.0117887625614194,nm0422619
411,9504,nm0946040,Pi-ying Yang,writer,1.6060816960220003e-05,7.875586762507912e-08,0.0471189591078066,9.030080337667423e-06,0.011786032190243,nm0946040
412,11748,nm0158424,Shun-Ching Chiu,producer,1.6060816960220003e-05,7.843527523565569e-08,0.0471189591078066,3.131474289986852e-07,0.0117838528768677,nm0158424
413,12163,nm0874642,Yi-chun Tsai,writer,1.338401413351e-05,7.810720568951502e-08,0.0471186953089571,2.5412997357040647e-10,0.0117830394211065,nm0874642
414,9330,nm0457227,Nobuaki Kishima,writer,1.873761978692e-05,3.4740509522051465e-08,0.047012624287789,1.0097195745553023e-05,0.0117603734609577,nm0457227
415,1988,nm0160925,Kuen Yeung,"director,writer",2.409122544033e-05,4.953943641163768e-08,0.0466201731596935,0.000228094866038,0.011718102197652,nm0160925
416,2462,nm0497579,Tso Nam Lee,"director,producer",3.479843674714e-05,7.322268317508238e-08,0.0466511831580814,0.0001831327115016,0.0117172968822533,nm0497579
417,4390,nm0910835,Anyi Wang,writer,2.141442261363e-05,4.687336078138209e-08,0.0466767974798677,8.554319866348001e-05,0.0116959504936264,nm0910835
418,9965,nm1211088,Toe Yuen,director,8.030408480111355e-06,1.0096474925744508e-07,0.0466661861169177,6.590861357765105e-06,0.0116702270878762,nm1211088
419,9773,nm0950715,Chun-Man Yuen,director,1.338401413351e-05,1.278924023615995e-08,0.0466250803288496,7.487041696097344e-06,0.0116614910434798,nm0950715
420,11711,nm6044471,Wing Leung,producer,1.070721130681e-05,5.465117012511665e-08,0.0466209479072034,3.872202525126208e-07,0.0116580242474832,nm6044471
421,11198,nm0504945,Hung-Wah Leung,"producer,writer",2.409122544033e-05,4.2573324695645625e-08,0.0465544136031241,1.5418721273247533e-06,0.0116450223185041,nm0504945
422,5991,nm0628788,Kin-Hung Ng,producer,2.676802826703e-05,2.4802849089935413e-08,0.0464824203863869,4.7358867593560006e-05,0.0116391430212741,nm0628788
423,3649,nm0875291,Siu-Ming Tsui,"producer,director",2.141442261363e-05,2.8978620476105142e-08,0.0464144887413347,0.000114056581698,0.0116374971810667,nm0875291
424,10663,nm0490634,Wing-Kin Lau,writer,1.338401413351e-05,1.8769573910628983e-08,0.046441637558561,3.3667532196349176e-06,0.011614601773872,nm0490634
425,4414,nm0149216,Chuen-Yee Cha,director,1.338401413351e-05,3.770896160155816e-08,0.0462733670552012,8.554319866348001e-05,0.0115930829942399,nm0149216
426,11632,nm0155624,Siu-Keung Cheng,director,1.338401413351e-05,2.226552797236779e-08,0.04632124694538,5.223357038392779e-07,0.0115837938901863,nm0155624
427,3961,nm0939061,Frank Wong,producer,1.873761978692e-05,1.0186981763472713e-08,0.0461910825228864,0.0001007455331328,0.0115776439656969,nm0939061
428,5561,nm1420944,Chi-Shing Mak,writer,1.338401413351e-05,1.6443886498303317e-08,0.046231426295696,5.703083214876001e-05,0.0115754643964662,nm1420944
429,12164,nm4336842,Kim-Chau Shiu,producer,1.338401413351e-05,3.3531835032949e-08,0.046253785234973,2.5412997357040647e-10,0.0115668007587679,nm4336842
430,10980,nm1234944,Buting Yang,producer,1.873761978692e-05,2.526879891796578e-08,0.0461910825228864,2.1159465925628894e-06,0.0115529903395162,nm1234944
431,3940,nm0127390,Mei-Chun Chang,director,2.141442261363e-05,1.3031793261733582e-08,0.0460566062516417,0.0001018288807859,0.0115449656467086,nm0127390
432,5978,nm1174587,Tomas Tang,producer,1.6060816960220003e-05,2.7972122443086432e-08,0.0459349416002619,4.754918656804e-05,0.0114996448939781,nm1174587
433,7724,nm0911091,Ying-Hsiang Wang,producer,1.070721130681e-05,1.7273009934091644e-08,0.0459484838889313,2.3772063820875385e-05,0.0114957451092672,nm0911091
434,10453,nm2092865,Chia Li,director,1.873761978692e-05,7.970413056258723e-08,0.0459021221591373,4.183332004782919e-06,0.0114812807037649,nm2092865
435,10455,nm2429533,Henry Kung,producer,1.070721130681e-05,7.412117639432753e-08,0.0459013711181648,4.180790705047213e-06,0.0114790833103382,nm2429533
436,11081,nm3562076,Yeung-Tat Wong,writer,2.409122544033e-05,1.9999734568719955e-08,0.0456769151447721,1.858423304815508e-06,0.0114257211983129,nm3562076
437,3708,nm3013229,Ann An,producer,2.141442261363e-05,6.405097038341356e-08,0.0455170847259629,0.0001140535321383,0.0114131541829213,nm3013229
438,2832,nm0453579,Kim Ki-young,"writer,director",1.873761978692e-05,2.02159756126444e-08,0.0454203004921854,0.0001561211264338,0.0113987948635954,nm0453579
439,3255,nm0939302,Ricky Wong Ka-Kui,"producer,writer",2.676802826703e-05,1.0791890924400971e-08,0.0453144097044618,0.000134723564888,0.0113689780223769,nm0939302
440,12118,nm4980076,Yee-sum Luk,writer,1.338401413351e-05,1.0719122322190269e-08,0.0454477708657335,6.77679929521084e-10,0.0113652915691673,nm4980076
441,8456,nm3013790,Hsien-Cheng Chiang,producer,2.141442261363e-05,9.433179675043157e-08,0.0453894359892569,1.610044206594122e-05,0.0113567612964333,nm3013790
442,8839,nm2878519,Chin-Hsing Kung,producer,1.873761978692e-05,7.583299706656864e-08,0.0453644811452965,1.3450498831568423e-05,0.011349186274228,nm2878519
443,4966,nm0407992,Im Sang-soo,director,1.338401413351e-05,9.849516062578156e-09,0.045271996686444,6.822484503184e-05,0.0113384038487813,nm0407992
444,4408,nm0490498,Bowie Lau,director,1.6060816960220003e-05,7.607875993036586e-09,0.0452496034839646,8.554319866348001e-05,0.011337803776866,nm0490498
445,5768,nm1181534,Ui-seok Jo,director,1.6060816960220003e-05,1.2049634206667572e-08,0.0450025666253154,5.248038668104001e-05,0.0112677799696477,nm1181534
446,4376,nm1698454,Michelle Yeh,producer,1.338401413351e-05,2.2416516109470657e-08,0.0448521927276796,8.554319866348001e-05,0.0112377855892481,nm1698454
447,9015,nm0266645,Ao-Hsin Chin,director,1.6060816960220003e-05,6.817687598876451e-09,0.0449127488126367,1.2213715302279573e-05,0.0112352575406467,nm0266645
448,4136,nm0911032,Shuo Wang,writer,3.2121633920440005e-05,1.2068303366582294e-08,0.0448127875276878,9.351972775568002e-05,0.0112346102394168,nm0911032
449,5159,nm0628860,Wui Ng,director,2.141442261363e-05,3.57508544192452e-08,0.0448318844285349,6.284687876972e-05,0.0112290453701931,nm0628860
450,7187,nm1117726,Equan Choi,director,8.030408480111355e-06,6.025054297495544e-09,0.0448209017222831,2.8516432594282457e-05,0.0112143636471029,nm1117726
451,11374,nm0408328,Jung-Ok In,writer,1.070721130681e-05,4.64321427345868e-09,0.0446584632038077,1.0200721320522402e-06,0.0111675487826152,nm0408328
452,5253,nm0265305,Kam-Fai Law,writer,1.6060816960220003e-05,8.150783297697761e-09,0.0445926828622142,6.057228940868e-05,0.0111673310298416,nm0265305
453,11992,nm1933811,Chang-Kun Mei,producer,1.070721130681e-05,6.0536777697324e-09,0.0445950457014174,3.1934203496543805e-08,0.0111514477251513,nm1933811
454,10733,nm2007627,Hua-Fu Chang,producer,2.141442261363e-05,1.5379912736717922e-08,0.0444819111545677,3.1116322082898546e-06,0.0111266131473256,nm2007627
455,4862,nm0481699,Joseph Lai,"director,producer",2.409122544033e-05,8.787562126151194e-09,0.0444063378832567,7.132756086860001e-05,0.0111254413642819,nm0481699
456,11911,nm0795516,Ping Shu,writer,2.409122544033e-05,9.766832544055368e-09,0.044412196177349,1.127252455844711e-07,0.0111091024737168,nm0795516
457,7417,nm0150804,Betty Chan,producer,1.6060816960220003e-05,8.487044775345645e-09,0.0443562540515755,2.7982559878883517e-05,0.0111000764788648,nm0150804
458,12059,nm0007554,AAV Creative Unit,writer,1.338401413351e-05,8.663734490547308e-09,0.0443560202801699,3.8966595947462334e-09,0.0110923542136743,nm0007554
459,4428,nm0517281,Peter Loehr,producer,1.338401413351e-05,9.001126749496115e-09,0.044075412411626,8.554319866348001e-05,0.0110435871563874,nm0517281
460,7478,nm0157857,Chung-Hsing Chao,director,1.6060816960220003e-05,8.502192543704762e-09,0.0439779906256368,2.705700118872602e-05,0.0110052792364945,nm0157857
461,5567,nm1011539,Jeong-hyang Lee,director,1.6060816960220003e-05,2.653516575063988e-09,0.0437741854949444,5.703083214876001e-05,0.0109618199493924,nm1011539
462,5568,nm1459096,Jin Kim,writer,1.6060816960220003e-05,2.653516575063988e-09,0.0437741854949444,5.703083214876001e-05,0.0109618199493924,nm1459096
463,7253,nm0420669,Kuo-Ren Wu,director,1.070721130681e-05,2.0155888574393618e-08,0.0435204385035033,2.8516432594282457e-05,0.0108899205758232,nm0420669
464,4672,nm0508528,Tit Lee,director,1.873761978692e-05,2.282256000828637e-08,0.043387170776218,7.800822086652001e-05,0.0108709848598578,nm0508528
465,5509,nm0490527,Ding Kin Lau,writer,1.338401413351e-05,5.307216925599476e-09,0.0433755430833217,5.703083214876001e-05,0.0108614908092052,nm0490527
466,3804,nm0417541,Jang Sun-woo,director,1.873761978692e-05,3.3415098972639727e-09,0.0432845262524493,0.0001086052899056,0.0108529681259129,nm0417541
467,1023,nm0848841,George Tan,writer,1.6060816960220003e-05,5.3772344648430044e-09,0.0429726831758999,0.0003990450496991,0.0108469486049484,nm0848841
468,7264,nm0157864,Cheng Hou,director,8.030408480111355e-06,6.877334675829603e-09,0.0432362732204504,2.8516432594282457e-05,0.0108182067347148,nm0157864
469,8194,nm0151743,Jung-Il Chang,writer,1.070721130681e-05,3.332362393402106e-09,0.0432396052219213,1.877365794898214e-05,0.0108172723558848,nm0151743
470,10911,nm1080412,Chia-Yun Yang,director,1.338401413351e-05,2.3836075937033665e-08,0.0431630988891509,2.410162079272502e-06,0.0107947292253599,nm1080412
471,10912,nm4362340,Yun Chu,writer,1.338401413351e-05,2.3836075937033665e-08,0.0431630988891509,2.410162079272502e-06,0.0107947292253599,nm4362340
472,5371,nm0156486,Kai-Ping Cheung,producer,2.409122544033e-05,2.800444226628053e-09,0.0428516876015132,5.70343899684e-05,0.0107332040043415,nm0156486
473,8679,nm4672652,Fung Chow,"writer,director",1.873761978692e-05,2.7366699698949463e-09,0.042851251241058,1.4258724557088369e-05,0.0107210625805179,nm4672652
474,8725,nm2087349,Luis Sy,producer,1.6060816960220003e-05,2.6691282569922604e-09,0.0428510330641629,1.4257199777246948e-05,0.0107203384375071,nm2087349
475,12146,nm4672672,Tat-Choi Lee,writer,1.6060816960220003e-05,2.732659207123864e-09,0.0428510330641629,5.082599471408128e-10,0.0107167742805105,nm4672672
476,1552,nm1104118,Kim Ki-duk,"writer,director",2.944483109374e-05,3.9196180171572086e-09,0.0424629542736918,0.0002851104503884,0.010694378368698,nm1104118
477,4569,nm1441986,Hung-Chih Liang,producer,2.141442261363e-05,2.6661647310314372e-08,0.0425279689537034,8.209908248328e-05,0.0106578772801119,nm1441986
478,7150,nm5050094,Sung Hsi,writer,1.070721130681e-05,2.652356131032897e-08,0.042277590797207,2.8516432594282457e-05,0.0105792102411673,nm5050094
479,9382,nm1440651,Vincent Wang,producer,1.6060816960220003e-05,2.7815306287999894e-08,0.0422780155524745,9.699256167809665e-06,0.0105759508602272,nm1440651
480,9430,nm0081226,Jacques Bidou,producer,1.070721130681e-05,2.655288703225848e-08,0.0422495758074717,9.43279426613888e-06,0.0105674355914829,nm0081226
481,9431,nm1171976,Marianne Dumoulin,producer,1.070721130681e-05,2.655288703225848e-08,0.0422495758074717,9.43279426613888e-06,0.0105674355914829,nm1171976
482,5394,nm0910870,Chung-Kuang Wang,director,1.070721130681e-05,1.8228901179165182e-09,0.0420100030947698,5.703083214876001e-05,0.0105194357402788,nm0910870
483,12136,nm5191056,Hsi-Tu Lin,producer,8.030408480111355e-06,3.593494223061206e-09,0.0420320326819255,5.082599471408128e-10,0.0105100167980399,nm5191056
484,3884,nm4340065,Shih-Keng Chien,writer,3.2121633920440005e-05,3.0139861020164503e-09,0.0418368817947277,0.0001049417919618,0.010493487058649,nm4340065
485,9903,nm0481686,George Lai,producer,1.070721130681e-05,3.242675186796413e-09,0.0419308874230255,6.878998233588147e-06,0.0104871192188102,nm0481686
486,10565,nm2114898,Chien-Chi Chang,"director,writer",1.338401413351e-05,3.7715057744246155e-09,0.041915851544913,3.732027835961588e-06,0.010483242839597,nm2114898
487,11707,nm4736401,Po-Yuan Chen,producer,8.030408480111355e-06,1.9270774090106463e-09,0.0418325148617213,3.894975511524814e-07,0.0104602341737075,nm4736401
488,9762,nm0128748,Cheong Choi,"director,writer",8.030408480111355e-06,2.831859569827678e-09,0.0415694874568435,7.548185294700933e-06,0.0103962672206194,nm0128748
489,4380,nm0955362,Jianya Zhang,director,2.141442261363e-05,1.0633467820113823e-09,0.0414450260748809,8.554319866348001e-05,0.0103879961898762,nm0955362
490,3709,nm7006470,Bohan Gong,producer,2.409122544033e-05,2.0538802948934157e-08,0.0408606953338544,0.0001140535321383,0.010249715157559,nm7006470
491,7213,nm1170780,Sang-hun Han,"producer,director",8.030408480111355e-06,2.1707845710444753e-09,0.0408735940322862,2.8516432594282457e-05,0.0102275357610363,nm1170780
492,11861,nm1954311,Jin Ba,writer,8.030408480111355e-06,3.064095265271461e-09,0.0408791529046046,1.576030152105055e-07,0.0102218359950487,nm1954311
493,7140,nm0027214,Mike B. Anderson,director,1.070721130681e-05,8.774867952485208e-10,0.0408380926501913,2.8516432594282457e-05,0.0102193292928948,nm0027214
494,3138,nm0490579,Kuo-Hsiung Liu,writer,1.338401413351e-05,6.472464186905186e-10,0.0406206863265601,0.0001425618325735,0.0101941582051284,nm0490579
495,3695,nm0943184,Wen-Chao Wu,"producer,director",1.338401413351e-05,5.107940888364253e-10,0.0405277730960922,0.0001140535321383,0.0101638027882895,nm0943184
496,7342,nm9344965,Kan Chen,producer,1.6060816960220003e-05,7.491210655309744e-10,0.0405271876264036,2.8514399554493893e-05,0.0101429408980098,nm9344965
497,7343,nm3736386,Ping-Kuei Chiang,producer,1.6060816960220003e-05,7.491210655309744e-10,0.0405271876264036,2.8514399554493893e-05,0.0101429408980098,nm3736386
498,3073,nm2785414,Chung-Ping Chiang,producer,1.338401413351e-05,3.311617635604203e-09,0.0403780555089116,0.0001425633573533,0.010133501548004,nm2785414
499,4439,nm0403226,Joseph Kuo,director,1.6060816960220003e-05,1.5362783527088187e-09,0.0403639188904022,8.554319866348001e-05,0.010116381110576,nm0403226
500,7294,nm0910926,Hung-Chang Wang,director,1.338401413351e-05,1.579297863663669e-09,0.0403633381452297,2.8516432594282457e-05,0.0101013100428138,nm0910926
501,12160,nm0789788,Jimmy Shaw,"director,producer",1.070721130681e-05,3.4851596248628513e-09,0.040376505807343,3.38839964760542e-10,0.0100968042106623,nm0789788
502,12098,nm0332783,Alex Gouw,producer,1.070721130681e-05,1.3687976588096482e-09,0.040350565978032,1.016519894281626e-09,0.0100903188936641,nm0332783
503,5477,nm0161247,Kai-Cheung Chung,"director,writer",8.030408480111355e-06,1.0522403716307327e-09,0.0400906973310023,5.703083214876001e-05,0.0100389399059679,nm0161247
504,11208,nm0504963,Kant Leung,director,8.030408480111355e-06,3.7447485179544577e-10,0.0398991167979064,1.5256349471323695e-06,0.0099771683039521,nm0504963
505,9519,nm0948578,In-taek Yoo,producer,1.6060816960220003e-05,5.397021406005368e-10,0.0398454699106622,8.918229829145585e-06,0.0099676123742884,nm0948578
506,8682,nm10569024,Qi Weili,producer,1.070721130681e-05,1.6754464771513931e-09,0.0395217679184413,1.425770803719409e-05,0.0098866836283079,nm10569024
507,8681,nm5794009,Jingming Guo,director,1.070721130681e-05,1.6754464771513931e-09,0.0395217679184413,1.425770803719409e-05,0.0098866836283079,nm5794009
508,5483,nm4467058,Hing-Lun Lai,producer,1.338401413351e-05,5.223983775937458e-10,0.0393701671414738,5.703083214876001e-05,0.0098601456275386,nm4467058
509,10391,nm7415410,Wei-Hao Cheng,director,1.873761978692e-05,7.919018453877168e-10,0.0383146681234635,4.4962784156617765e-06,0.0095844757033919,nm7415410
510,11688,nm1863394,Wan Chan,writer,1.070721130681e-05,6.676654127827101e-10,0.0382932255906962,4.1635306905162587e-07,0.0095760874556843,nm1863394
511,1385,nm0625338,Dusty Nelson,director,2.676802826703e-05,1.5765322150584363e-10,0.0375926281607475,0.0003135918130463,0.0094832470399285,nm0625338
512,4464,nm0950489,Feng-Chi Yu,"director,producer",1.338401413351e-05,1.9469083947977583e-11,0.0357776870887109,8.554319866348001e-05,0.0089691535802442,nm0950489
513,7348,nm2895873,Kuo-Tsai Lai,producer,1.070721130681e-05,1.5284254293402496e-11,0.0357052856651945,2.8514399554493893e-05,0.008936126822835,nm2895873
514,7349,nm5036911,Hsin-Te Hung,writer,1.070721130681e-05,1.5284254293402496e-11,0.0357052856651945,2.8514399554493893e-05,0.008936126822835,nm5036911
515,5378,nm0443070,Chi Lo,"writer,director",1.070721130681e-05,9.123691307145943e-11,0.0355890275410917,5.7031848668640005e-05,0.008914191673076,nm0443070
516,12086,nm3160315,Ku-Yao Yang,writer,8.030408480111355e-06,9.362832324451424e-11,0.0355888770487644,1.5247798414224391e-09,0.0088992272689131,nm3160315
517,5370,nm0564103,Roy McAree,producer,1.6060816960220003e-05,5.429411916280597e-12,0.0334079596065448,5.7035406488280005e-05,0.0083702639588556,nm0564103
518,5525,nm0622500,William T. Naud,"director,writer",1.070721130681e-05,4.9153184602871594e-12,0.0334075617743375,5.703083214876001e-05,0.0083688249556771,nm0622500
519,7305,nm0364688,Frank Harris,director,5.35360565340757e-06,1.8708893529953345e-13,0.0300607558586006,2.8516432594282457e-05,0.0075236564742588,nm0364688
